player,elo
Matthias,825.9692638909573
Nico,2560.4057421693524
Johannes,1940.0170321670673
Daniel,2600.0170321670685
Sebastian,1736.3735456675763
Peter,1699.6112899977147
